allele,n_unique_epitopes_sb,n_sb_row_instances_allele
HLA-A*02:01,105,231
HLA-A*02:03,118,248
HLA-A*02:06,140,303
HLA-A*32:01,316,651
HLA-A*03:01,114,177
HLA-A*11:01,131,233
HLA-A*26:01,260,488
HLA-A*30:01,294,510
HLA-A*31:01,187,315
HLA-A*33:01,218,370
HLA-A*68:01,143,242
HLA-A*68:02,186,371
HLA-B*08:01,221,402
HLA-A*01:01,152,322
HLA-A*23:01,271,523
HLA-A*24:02,260,503
HLA-A*30:02,250,476
HLA-B*07:02,181,328
HLA-B*15:01,160,345
HLA-B*35:01,208,408
HLA-B*40:01,103,235
HLA-B*44:02,151,314
HLA-B*44:03,122,261
HLA-B*53:01,213,440
HLA-B*51:01,113,188
HLA-B*57:01,170,340
HLA-B*58:01,202,393
