allele,allele_frequency,n_unique_epitopes_sb,n_sb_row_instances_allele,total_unique_epitopes_sb
HLA-A*01:01,0.1646,152,322,480
HLA-A*02:01,0.2755,105,231,480
HLA-A*02:03,1.93e-05,118,248,480
HLA-A*02:06,0.0018,140,303,480
HLA-A*03:01,0.1399,114,177,480
HLA-A*11:01,0.0609,131,233,480
HLA-A*23:01,0.0197,271,523,480
HLA-A*24:02,0.0846,260,503,480
HLA-A*26:01,0.0309,260,488,480
HLA-A*30:01,0.013,294,510,480
HLA-A*30:02,0.009,250,476,480
HLA-A*31:01,0.027,187,315,480
HLA-A*32:01,0.0355,316,651,480
HLA-A*33:01,0.0081,218,370,480
HLA-A*68:01,0.0319,143,242,480
HLA-A*68:02,0.0084,186,371,480
HLA-B*07:02,0.1306,181,328,480
HLA-B*08:01,0.1144,221,402,480
HLA-B*15:01,0.0606,160,345,480
HLA-B*35:01,0.056,208,408,480
HLA-B*40:01,0.0528,103,235,480
HLA-B*44:02,0.0952,151,314,480
HLA-B*44:03,0.0467,122,261,480
HLA-B*51:01,0.0473,113,188,480
HLA-B*53:01,0.0034,213,440,480
HLA-B*57:01,0.0365,170,340,480
HLA-B*58:01,0.0073,202,393,480
